{"init_params": {"cat_dims": [4, 5, 10, 5, 5, 4, 3, 4, 3, 3, 4, 2, 2], "cat_emb_dim": [3, 3, 3, 3, 3, 3, 3, 3, 3, 3, 3, 3, 3], "cat_idxs": [0, 2, 3, 5, 6, 8, 9, 11, 13, 14, 16, 18, 19], "clip_value": 1, "device_name": "auto", "epsilon": 1e-15, "gamma": 1.038346236018818, "grouped_features": [], "input_dim": 20, "lambda_sparse": 1.0746231734799921e-06, "mask_type": "entmax", "momentum": 0.02, "n_a": 8, "n_d": 32, "n_indep_decoder": 1, "n_independent": 2, "n_shared": 2, "n_shared_decoder": 1, "n_steps": 3, "optimizer_params": {"lr": 0.02966921676600012}, "output_dim": 2, "scheduler_fn": null, "scheduler_params": {}, "seed": 0, "verbose": 0}, "class_attrs": {"preds_mapper": {"0": 0, "1": 1}}}